total_customers,customer_city,total_sales,average
163,South Michael,199956.42,6665.2140625
166,Lake Michael,187154.22,6238.473958333333
129,South James,159380.1,7969.0046875
112,Port Michael,145837.16,6944.6264880952385
103,New Robert,132314.55,7350.808159722223
105,East Michael,131606.12,5722.005434782609
80,Wilsonmouth,125577.62,10464.801432291666
71,Ashleyview,123553.086,8825.220424107143
80,South Christopher,122804.89,7675.3056640625
97,New David,121501.65,6394.823601973684
90,Port Robert,118848.625,7428.0390625
82,New Jennifer,117228.945,9769.078776041666
101,West Michael,117017.914,6883.406709558823
83,New John,115967.65,6821.62637867647
91,Smithmouth,113587.37,7572.491145833334
84,Lake James,111618.1,9301.508463541666
83,Port Jennifer,110742.84,7382.85625
83,New Christopher,109078.62,7271.9078125
86,North William,109077.945,8390.611177884615
90,South John,107546.49,6721.65576171875
76,New Michael,106870.32,7124.688020833333
86,South Jessica,106758.164,7625.583147321428
96,West Christopher,105948.28,6232.251838235294
85,North David,103433.7,6084.335477941177
77,South Robert,102530.195,6835.346354166667
77,East James,102070.805,6804.7203125
77,West Jessica,100964.86,6730.990625
69,South Matthew,100429.234,7725.325721153846
76,Michaelburgh,100348.13,7719.087139423077
67,Lake Robert,99672.71,7667.131610576923
74,East David,99526.67,7109.047991071428
63,Port John,99508.805,7107.771763392857
66,North Matthew,98470.84,8205.903645833334
75,North Michael,96421.92,6428.128125
76,East William,95990.76,7383.904447115385
72,Lake Jessica,95064.234,7312.633413461538
74,East Robert,94720.39,6765.7421875
62,South Brian,94540.45,9454.0453125
79,North Lisa,93217.98,8474.361505681818
75,Port James,92897.69,7145.975961538462
69,Michaelfurt,91719.7,8338.154829545454
79,Robertmouth,91564.76,6104.3171875
70,North Amanda,91035.266,8275.933238636364
75,West Melissa,90951.28,6996.252403846154
68,East Thomas,90122.72,7510.2265625
79,Lake Christopher,89481.555,5965.436979166667
70,West Joshua,89219.41,7434.950520833333
50,West Charles,88038.34,11004.79296875
68,North Robert,87631.54,6259.395647321428
63,West Robert,86269.805,7842.709517045455
59,West Amy,86202.3,9578.032986111111
65,West Daniel,85496.305,7124.692057291667
57,Port Kimberly,84797.29,9421.921006944445
61,Port Amanda,84749.29,8474.92890625
71,Davismouth,84361.766,7030.147135416667
61,East Daniel,84328.07,8432.80703125
59,New Michelle,84319.24,8431.92421875
57,Jameston,83975.24,7634.112926136364
47,Ashleymouth,81892.08,11698.86830357143
65,East John,81772.5,6290.192307692308
60,North Joseph,81537.54,9059.7265625
65,Harrismouth,81199.58,8119.9578125
56,Millermouth,80881.695,8088.16953125
60,Lake Amanda,80693.484,10086.685546875
60,South Lisa,80686.37,8965.151909722223
65,East Jennifer,80184.09,6168.007211538462
56,Smithside,80089.97,10011.24609375
62,Michaelfort,79694.01,6641.167317708333
63,Johnsonborough,79587.89,7958.7890625
69,Davidmouth,79475.27,7225.024857954545
70,West James,78751.94,5625.138392857143
62,Lake David,78570.29,6043.868389423077
60,East Joseph,78312.29,7831.22890625
54,East Gregory,78025.09,9753.13671875
52,Port Christine,76927.53,9615.94140625
53,Lake Matthew,76861.6,9607.7001953125
53,Jamesville,76808.805,7680.88046875
63,New Joshua,76780.31,6398.359375
54,Christopherfurt,76607.27,8511.919270833334
60,Jessicaburgh,76438.39,7643.8390625
51,Jennifertown,76408.31,9551.0390625
66,West Jennifer,76358.14,6941.649147727273
68,Michaelstad,76148.516,6922.592329545455
61,New Kimberly,74526.32,7452.63203125
61,South David,74507.11,8278.567708333334
57,West Lisa,73986.195,8220.688368055555
53,West David,73730.445,6702.767755681818
62,Michaelmouth,73728.375,6144.03125
56,North Jeffrey,73232.15,7323.21484375
58,Jamesmouth,73038.74,6639.885653409091
41,Lauramouth,72692.47,14538.49375
67,Michaelborough,72468.26,6039.021484375
53,Lake Mary,72143.05,8015.894097222223
46,Robertview,71582.375,7158.2375
49,New Emily,71172.07,8896.5087890625
52,East Kevin,71153.64,8894.205078125
56,Port Christopher,71113.16,7901.461805555556
51,East Richard,71057.54,7105.75390625
60,East Christopher,70796.305,6436.027698863636
47,West Justin,70692.83,7854.758680555556
60,South Jennifer,70682.36,6425.669034090909
42,Jenniferville,70546.23,8818.2783203125
56,Lake Lisa,70435.62,7043.56171875
60,North Richard,70188.3,7018.8296875
51,East Michelle,69816.35,8727.0439453125
57,New Lisa,69730.86,6339.169034090909
48,Lake Jason,69726.92,8715.865234375
58,Port Mary,69655.65,7739.516493055556
46,North Jennifer,69529.84,6952.984375
52,Davidbury,69509.875,6319.079545454545
51,Roberttown,69082.016,11513.669270833334
52,North Amy,68958.48,8619.8095703125
55,North John,68949.82,7661.091145833333
58,Smithland,68606.23,6236.9296875
58,Port David,68464.234,6224.021306818182
60,Jamesberg,68367.93,5697.327473958333
45,New Jessica,68034.64,8504.330078125
55,Jamesfort,67956.42,6795.6421875
51,South Amy,67493.67,8436.708984375
61,Thomasmouth,67377.63,6737.76328125
40,Port Eric,67367.125,9623.875
60,Port Jason,67120.59,6712.059375
51,Lake Daniel,66881.51,6080.137073863636
45,Smithstad,66755.555,7417.283854166667
37,North Daniel,66702.016,8337.751953125
64,Jamesside,66664,8333
50,Robertland,66658.02,7406.447048611111
58,South Heather,66526.92,6652.6921875
45,North Melissa,66319.125,9474.160714285714
49,Scotttown,66208.1,9458.300223214286
48,East Matthew,66046.85,7338.5390625
48,Lake Jennifer,65847.22,8230.90234375
46,Smithbury,65561.03,7284.559027777777
48,Markmouth,65521.348,7280.149739583333
53,New James,65318.33,6531.8328125
50,North Christopher,65286.332,5935.12109375
48,Michaelhaven,65048.684,7227.631510416667
45,East Amy,64967.457,9281.06529017857
59,Robertville,64676.453,7186.272569444444
50,Lake Peter,64403.316,9200.47377232143
50,Williamsborough,64330.473,8041.30908203125
45,North Kevin,64083.535,7120.392795138889
46,New Elizabeth,64035.535,8004.44189453125
46,Susanmouth,63982.223,6398.222265625
54,Port William,63701.242,5791.022017045455
40,Port Scott,63699.195,10616.532552083334
52,South Stephanie,63531.652,7059.072482638889
43,Anthonychester,63439.66,10573.276692708334
47,New Joseph,63339.73,9048.532924107143
47,Smithville,63248.25,7906.03125
56,Michaelport,63243.44,6324.344140625
40,Scottmouth,63145.145,10524.190755208334
52,East Sarah,62728.137,5702.557883522727
53,Port Jessica,62392.49,6932.498697916667
49,Johnsonland,62202.38,6911.375434027777
40,Danielmouth,62164.477,10360.74609375
53,Smithfort,61982.492,7747.8115234375
54,Lake Michelle,61847.207,6184.720703125
39,Michellemouth,61563.523,10260.587239583334
48,Port Michelle,61482.96,6831.440104166667
55,East Timothy,61402.88,6822.542100694444
52,Johnmouth,61311.03,5573.730113636364
48,Port Joseph,61285.457,7660.68212890625
41,Kimberlyton,61156.89,8736.698660714286
39,North Christina,61142.83,7642.853515625
34,Robertborough,61091.293,10181.882161458334
43,East Jessica,61022.85,7627.8564453125
43,Port Daniel,61019.15,6779.905381944444
43,Davidside,60992.992,6099.29921875
48,Jamesland,60943.54,8706.21986607143
48,South Steven,60828.977,8689.853794642857
46,Port Joshua,60439.348,6715.483072916667
41,Lake Sandra,60148.293,8592.61328125
54,South Melissa,59979.516,7497.439453125
41,Lake Kimberly,59907.64,8558.234375
47,West Elizabeth,59712.73,7464.09130859375
43,Paulmouth,59632.656,9938.776041666666
55,Lake Melissa,59609.402,6623.266927083333
48,Thomastown,59285.64,6587.293402777777
54,Brownmouth,59229.176,5922.917578125
36,Scottton,59221.92,9870.3203125
47,West Mark,58965.14,7370.642578125
52,Smithtown,58781.78,8397.39732142857
34,East Mary,58309.812,11661.9625
43,Lake Laura,58290.31,7286.28857421875
46,Jamesbury,58141.176,8305.882254464286
56,South William,58089.973,5808.997265625
44,Johnborough,58076.08,9679.346354166666
43,Michaelbury,57812.273,8258.896205357143
39,Johnsonburgh,57730.95,8247.27845982143
51,West Kimberly,57443.883,6382.653645833333
44,Michellefurt,57386.508,9564.41796875
51,North James,56548.85,5654.88515625
46,New Heather,56485.363,9414.227213541666
40,South Scott,56450.152,9408.358723958334
39,Davidfurt,56222.906,9370.484375
39,Elizabethville,56121.64,11224.328125
44,Jonesside,55859.88,9309.979817708334
43,East Kelly,55818.93,7974.1328125
41,South Cynthia,55390.953,9231.825520833334
44,Port Angela,55383.14,7911.877232142857
47,Michaelton,54890.582,4990.052911931818
51,Johnsonstad,54557.688,6819.7109375
45,West Kevin,54546.45,6060.716579861111
43,West Brian,54189.324,6021.036024305556
50,New Rebecca,54143.082,9023.847005208334
37,Williamport,54116.3,7730.900111607143
34,Jonesview,54071.58,6758.947265625
45,North Steven,54008.062,9001.34375
42,New Andrea,53858.438,7694.0625
37,Brianville,53765.688,7680.8125
41,Maryfurt,53665.91,6708.23876953125
45,South Christine,53662.613,7666.087611607143
39,New Brian,53621.117,6702.6396484375
28,New Thomas,53578.016,8929.669270833334
47,New Jason,53520.758,5352.07578125
35,Danielport,53511.65,8918.608072916666
34,North Brandon,53419.66,7631.380022321428
40,New William,53188.934,7598.419084821428
46,West John,53101.35,5900.150173611111
52,Lake John,53081.445,4825.5859375
46,Lake Joshua,52831.645,5283.164453125
52,Johnsonmouth,52501.316,4772.846946022727
53,Christopherbury,52491.168,5832.351996527777
40,South Kevin,52456.69,8742.781901041666
47,South Sarah,52446.91,7492.415736607143
39,Millershire,52357.855,8726.309244791666
37,New Brandon,52260.96,7465.8515625
26,Lake Matthewland,52260.363,17420.12109375
34,North Nathan,52236.656,10447.33125
35,West Eric,52228.99,10445.79765625
46,Johnsonhaven,52203.742,5800.415798611111
42,Morganbury,52050.11,8675.018229166666
37,Jamesview,51852.68,6481.5849609375
50,South Daniel,51836.39,5183.6390625
47,North Anthony,51814.203,6476.775390625
33,South Joshua,51793.2,6474.14990234375
39,New Julie,51681.914,8613.65234375
41,Lake Justin,51661.14,8610.190104166666
35,Edwardchester,51625.227,12906.306640625
25,Melissahaven,51562.69,12890.6728515625
39,Port Heather,51543.97,8590.661458333334
29,Jacksonmouth,51533.96,10306.7921875
46,New Ryan,51490.152,6436.26904296875
35,Christopherhaven,51439.633,8573.272135416666
39,Brownchester,51395.234,8565.872395833334
49,Millerchester,51384.555,7340.650669642857
40,Christopherchester,51342.703,7334.671875
32,Sarahmouth,51269.508,10253.9015625
26,Danielleborough,51047.684,12761.9208984375
39,Thomaston,51045.355,7292.193638392857
37,West Michelle,51028.31,7289.758370535715
28,Port Brittany,51024.57,12756.142578125
38,South Joseph,50868.242,7266.891741071428
31,Johnhaven,50862.27,8477.044921875
40,Millerfort,50762.9,8460.483072916666
49,West Jacob,50753.92,7250.560267857143
33,East Adam,50714.754,12678.6884765625
44,Lake Joseph,50683.305,6335.4130859375
34,Smithport,50671.12,10134.22421875
39,Lauraside,50653.707,10130.74140625
46,Christopherton,50608.844,8434.807291666666
39,East Linda,50532.562,10106.5125
44,North Christine,50531.312,7218.758928571428
37,Joneston,50469.086,8411.514322916666
27,North Thomas,50467.793,8411.298828125
39,South Elizabeth,50402.6,7200.371651785715
35,North Justin,50400.074,12600.0185546875
44,Josephfort,50241.76,7177.39453125
28,Jasonfort,49960.113,12490.0283203125
39,East Lisa,49951.336,8325.22265625
43,Matthewberg,49689.734,7098.533482142857
35,Port Timothy,49641.348,8273.557942708334
39,Lake Richard,49562.613,6195.32666015625
40,Kimberlymouth,49552.61,8258.768229166666
34,Lake William,49456.258,9891.2515625
37,Ashleyburgh,49354.91,8225.818359375
30,Port Anthony,49266.74,8211.123046875
43,Michellebury,49265.023,8210.837239583334
37,Lake Charles,49254.953,8209.158854166666
53,South Jeffrey,49254.12,5472.680121527777
31,New Andrew,49172.14,9834.428125
43,Jonesland,49079.004,7011.286272321428
34,Brownshire,49069.7,8178.283203125
37,New Mary,49059.76,7008.537388392857
40,Lake Brian,49044.355,7006.336495535715
28,Johnsonton,48890.906,9778.18125
33,Thomasland,48840.715,9768.14296875
43,Thomashaven,48776.926,6097.11572265625
30,Johnland,48734.777,9746.95546875
44,New Matthew,48589.945,5398.8828125
33,Jamesborough,48511.816,9702.36328125
46,North Heather,48416.582,6052.07275390625
35,Keithton,48306.098,12076.5244140625
41,Joneshaven,48246.24,6892.319754464285
33,Lake Scott,48161.46,8026.91015625
29,Port Laura,48130.78,6875.825892857143
46,East Mark,48121.355,4374.668678977273
37,New Sarah,48083.92,6010.490234375
46,East Charles,48062.85,6007.8564453125
34,Lewismouth,47991.13,9598.22578125
34,Christopherside,47833.04,9566.6078125
34,Lake Emily,47713.617,11928.404296875
44,South Jonathan,47602.15,5950.2685546875
35,North Scott,47588.766,7931.4609375
37,New Kevin,47474.12,6782.017299107143
33,Elizabethbury,47258.258,7876.376302083333
34,South Richard,47075.65,5884.4560546875
33,East Theresa,47041.156,11760.2890625
31,Port Rebecca,47020.312,9404.0625
30,Brownbury,46967.78,6709.683035714285
30,East Michaeltown,46959.645,11739.9111328125
34,New Laura,46936.74,6705.248325892857
39,Thomasville,46887.59,6698.227120535715
33,South Ryan,46881.258,11720.314453125
36,Port Richard,46879.47,5859.93359375
29,Meganmouth,46853.633,9370.7265625
42,East Anthony,46812.34,5851.54248046875
32,East Rebecca,46742.906,7790.484375
26,Hillchester,46684.113,11671.0283203125
42,Matthewport,46670.13,5833.76611328125
41,Christophermouth,46629.2,7771.533203125
36,Williamsbury,46612.86,5826.607421875
38,Port Sarah,46591.656,6655.950892857143
32,South Megan,46541.047,7756.841145833333
31,Smithchester,46533.156,7755.526041666667
27,Lake Denise,46532,11633
51,Davidshire,46265.223,4626.522265625
25,Jamestown,46241.72,11560.4296875
31,Christopherburgh,46044.44,6577.77734375
35,West Steven,46000.516,7666.752604166667
38,Port Ryan,45898.67,6556.953125
35,South Ashley,45880.03,7646.671875
36,West Richard,45750.168,6535.73828125
42,East Heather,45711.992,5713.9990234375
34,Kellyburgh,45680.836,7613.47265625
36,New Daniel,45605.406,5700.67578125
30,Richardtown,45587.863,9117.57265625
32,West Ashley,45568.332,6509.76171875
34,Stevenchester,45517.914,7586.319010416667
42,West Andrew,45337.31,5667.16357421875
40,Andersonhaven,45330.773,5666.3466796875
39,New Barbara,45280.668,5660.08349609375
39,Jessicamouth,45218.92,7536.486979166667
31,Amymouth,45149.457,7524.909505208333
36,East Emily,45130.23,7521.705078125
30,North Kelly,45060.215,11265.0537109375
34,West Jeffrey,45021.2,7503.533203125
30,Nathanchester,44985.82,7497.63671875
27,Heatherport,44862.973,11215.7431640625
40,Lake Thomas,44858.6,4984.2890625
39,West Angela,44753.414,6393.344866071428
25,Timothyfort,44678.73,8935.74609375
39,New Nicholas,44624.99,7437.498046875
37,New Timothy,44622.81,5577.85107421875
34,North Michelle,44612.645,8922.52890625
32,Rodriguezberg,44350.137,7391.689453125
30,Port Tracy,44263.246,8852.64921875
30,North Brian,44255.44,7375.906901041667
35,West Karen,44232.52,7372.086588541667
32,North Susan,44171.56,8834.31171875
27,New Aaron,44159.164,8831.8328125
33,South Jose,44080.082,7346.680338541667
22,Anthonyfurt,44073.613,8814.72265625
40,Taylorton,43983.082,7330.513671875
32,North Jessica,43965.582,7327.597005208333
38,West Gregory,43961.69,5495.21142578125
33,West Stephanie,43956.777,5494.59716796875
36,Stewartport,43933.43,10983.357421875
50,Williammouth,43923.76,4392.376171875
29,Paulville,43833.07,10958.267578125
36,North Elizabeth,43797.176,8759.43515625
36,West Heather,43623.312,7270.552083333333
29,Jacksonside,43608.723,8721.74453125
38,Williamsfort,43563.062,7260.510416666667
31,Port Jeffrey,43520.676,7253.445963541667
30,West Anthony,43455.992,8691.1984375
27,Gonzalezville,43322.734,10830.68359375
29,West Kristen,43270.273,8654.0546875
38,West Joseph,43257.66,5407.20751953125
26,Jesusport,43256.51,14418.837239583334
36,East Amanda,43233.6,7205.600260416667
29,Rachelburgh,43179.902,10794.9755859375
33,Davidville,43176.734,10794.18359375
31,North Sandra,43090.344,8618.06875
39,Michaelchester,43055.535,6150.790736607143
30,Kimberlytown,43044.066,8608.81328125
40,Lake Kevin,43040.656,6148.665178571428
27,Robertton,42719.74,8543.94765625
26,Daviston,42681.457,8536.29140625
35,Lake Sarah,42652.574,7108.762369791667
26,Robertsfort,42648.273,10662.068359375
26,Samanthaside,42553.266,10638.31640625
28,Jenniferbury,42537.83,8507.565625
33,Lisaview,42472.367,6067.481026785715
32,Brianberg,42453.824,8490.76484375
24,Williamstown,42449.45,8489.88984375
35,South Carlos,42423.39,8484.678125
39,South Laura,42414.758,7069.126302083333
32,North Jasmine,42305.105,8461.02109375
38,West Cynthia,42282.78,8456.55625
29,New Katherine,42260.18,10565.044921875
26,Port Patrick,42152.94,8430.58828125
25,North Cynthia,42136.03,8427.20625
30,Hernandezborough,42108.656,8421.73125
31,Millertown,42095.09,8419.01796875
30,Port Brandon,42066.363,8413.27265625
25,Timothyshire,42033.555,10508.388671875
24,Jonesmouth,42030.31,14010.102864583334
24,East Joshua,42015.266,8403.053125
22,Garciamouth,41979.34,10494.8349609375
34,North Mary,41840.77,5977.252790178572
27,Hillmouth,41829.34,6971.556640625
29,West Susan,41778.117,8355.6234375
31,Port Kevin,41713.8,6952.300130208333
25,Andrewport,41671.234,8334.246875
32,Williamsstad,41661.74,5951.676897321428
34,Ashleyhaven,41642.336,8328.4671875
27,Jessicaborough,41623.727,8324.7453125
26,New Lori,41582.61,10395.65234375
32,Garciaberg,41566.59,10391.6474609375
37,Ryanside,41460.336,6910.055989583333
36,Davidborough,41410.49,8282.09765625
35,North Paul,41406.863,5915.266183035715
32,Port Karen,41276.164,8255.2328125
43,South Kimberly,41203.723,6867.287109375
30,Jessicahaven,41137.867,8227.5734375
33,East Stephanie,41125.383,6854.23046875
39,North Andrew,41098.844,5871.263392857143
31,Port Charles,41068.348,6844.724609375
28,Jessicaland,41007.11,6834.518229166667
28,Patriciaburgh,41005.707,10251.4267578125
30,Davidfort,40971.207,8194.24140625
29,Williamsmouth,40969.98,6828.330078125
26,West Bailey,40967.586,13655.861979166666
36,Martinstad,40938.3,5848.328683035715
29,North Catherine,40895.215,8179.04296875
37,Davischester,40885.934,8177.18671875
32,Lake Tammy,40880.4,6813.399739583333
30,South Angela,40869.383,8173.8765625
33,North Sarah,40817.305,5831.043526785715
37,North Joshua,40803.76,6800.626953125
32,Justinborough,40798.938,8159.7875
30,Brittanystad,40766.113,13588.704427083334
20,South Brittany,40750.95,10187.7373046875
35,Lake Jacob,40725.277,10181.3193359375
40,Lisaport,40720.523,5817.217633928572
28,Stacyview,40710.336,10177.583984375
25,Port Deborah,40669.58,13556.526041666666
22,Williamsland,40664.01,8132.80234375
30,New Alexandra,40652.56,8130.51171875
23,Stephenstad,40652.254,10163.0634765625
32,Lake Andrew,40594.97,8118.99375
30,North Linda,40577.973,8115.59453125
20,Jamesfurt,40541.06,13513.686197916666
41,Smithfurt,40534.383,5790.626116071428
31,West Edward,40430.992,8086.1984375
21,New Jenniferport,40428.01,13476.00390625
30,Lake Alexis,40366.62,8073.32421875
38,Rebeccamouth,40301.277,5037.65966796875
27,Millerland,40281.945,8056.3890625
26,Millerberg,40260.9,8052.1796875
24,East Tammy,40198.957,13399.65234375
20,Wilsonberg,40197.27,13399.08984375
28,North Tammy,40141.355,10035.3388671875
41,Michaeltown,40074.15,5009.2685546875
30,Kellyborough,40056.86,6676.143229166667
37,Lake Amy,40052.63,6675.438151041667
27,Martinland,40016.32,8003.2640625
32,West Crystal,39967.05,9991.7626953125
27,North Victoria,39909.926,7981.98515625
33,New Melissa,39879.613,5697.087611607143
24,Port Brett,39841.47,13280.489583333334
20,Christinachester,39797.98,13265.993489583334
29,Kevinfort,39740.49,6623.414713541667
33,Josephburgh,39721.508,6620.251302083333
30,Brownton,39681.94,6613.656901041667
28,Amytown,39681.07,7936.2140625
23,Port Christina,39634.18,9908.544921875
31,Lake Jeffrey,39601.49,5657.35546875
25,Hernandezchester,39548.54,9887.134765625
26,Samanthahaven,39507.33,7901.465625
29,East Ashley,39489.277,7897.85546875
29,Millerside,39422.36,6570.393229166667
27,Lake Robin,39414.97,7882.99375
29,South Jacqueline,39378.7,9844.6748046875
32,New Scott,39377.977,7875.5953125
31,Jenniferview,39361.875,7872.375
32,Elizabethland,39242.41,7848.48203125
30,Jeffreyland,39214.88,9803.7197265625
29,Anthonyland,39210.684,9802.6708984375
19,Andrewstad,39209.66,13069.88671875
19,Lake Gary,39209.14,13069.713541666666
26,Danielfurt,39195.965,13065.321614583334
17,Michelleport,39159.883,13053.294270833334
31,Ambermouth,39153.438,7830.6875
27,Matthewchester,39153.27,7830.65390625
29,Port Andrea,39136.85,7827.3703125
24,Lisamouth,39121.44,9780.3603515625
31,Port Hannah,39106.594,7821.31875
29,East Bryan,39056.598,7811.31953125
40,Josephtown,39042.652,6507.108723958333
31,North Jason,39032.402,7806.48046875
34,South Michelle,38999.76,6499.960286458333
30,Thomasborough,38866.71,7773.3421875
32,Kimberlyburgh,38835.406,6472.567708333333
36,Smithburgh,38808.97,6468.161458333333
29,East Susan,38807.836,7761.5671875
21,Torresville,38777.51,12925.837239583334
29,Danielland,38760.94,9690.2353515625
37,Justinchester,38682.055,7736.4109375
33,Johnberg,38588.53,6431.421875
18,Hoffmanport,38585.84,19292.919921875
34,Jessicaview,38576.88,6429.479817708333
23,South Jason,38520.59,7704.11796875
22,Martinezmouth,38476.89,9619.22265625
28,East Kimberly,38456.215,6409.369140625
25,Keithmouth,38430.246,12810.08203125
28,West Rachel,38230.375,6371.729166666667
39,West Julie,38172.62,4771.57763671875
32,Thomasport,38166.56,6361.093098958333
32,Lake Benjamin,38156.05,7631.21015625
36,Port Melissa,38150.59,7630.11796875
25,West Samantha,38145.34,9536.3349609375
31,Danielview,38108.465,7621.69296875
34,Kevinmouth,38098.273,6349.712239583333
27,Davidtown,38060.332,7612.06640625
24,Sarahside,38026.84,12675.61328125
22,North Allison,38026.24,19013.119140625
35,Whitefort,38007.875,7601.575
27,East Justin,37989.848,7597.96953125
29,Kimberlyville,37962.133,7592.4265625
29,Matthewburgh,37909.098,6318.182942708333
22,North Raymond,37908.24,9477.0595703125
24,Danielhaven,37872.383,9468.095703125
24,Davidton,37856.32,7571.2640625
24,Sarahbury,37813.234,12604.411458333334
26,Karenmouth,37794.26,9448.5654296875
18,Jeffreyshire,37711.332,12570.444010416666
29,Patrickland,37658.527,9414.6318359375
32,New Megan,37655.145,7531.02890625
17,Keithtown,37649.65,9412.412109375
21,Charlesshire,37636.82,9409.205078125
34,Johnsonview,37560.855,5365.836495535715
25,Danielchester,37538.25,9384.5625
27,Michellechester,37493.156,9373.2890625
23,Jeffreyfurt,37424.56,9356.1396484375
35,Christopherborough,37385.586,7477.1171875
29,Port Linda,37330.35,9332.587890625
36,New Stephanie,37305.008,6217.501302083333
29,Amystad,37278.777,7455.75546875
22,Port Sara,37278.508,9319.626953125
17,Patriciafort,37245.86,9311.46484375
24,Crystalmouth,37236.508,7447.3015625
38,Jonesstad,37231.766,6205.294270833333
31,South Brenda,37189.53,7437.90625
22,Nicoleside,37179.805,9294.951171875
22,Sarahstad,37171.25,9292.8125
21,Lake Brittany,37168.02,9292.0048828125
29,Kylemouth,37156.12,7431.22421875
23,Lake Victoria,37151.25,12383.75
29,Allenmouth,37125.113,7425.02265625
28,Jenniferfurt,37038.62,5291.231584821428
28,Maryville,37002.473,7400.49453125
25,Myersville,36950.15,9237.537109375
23,Lake Jeremy,36935.016,7387.003125
24,Johnsonside,36866.58,9216.64453125
25,Danielberg,36866.492,9216.623046875
24,Robertfort,36822.234,12274.078125
22,Gonzalezside,36778.61,12259.536458333334
27,Johnsontown,36764.086,7352.8171875
29,South Dawn,36763.402,9190.8505859375
31,Thomasview,36748,7349.6
32,North Nicholas,36716.35,7343.2703125
27,Amandaberg,36713.508,9178.376953125
26,West Jasonmouth,36698.35,9174.587890625
28,Jamesport,36637.914,7327.5828125
38,South Mary,36558.04,6093.006510416667
23,Williamsfurt,36556.61,7311.321875
26,Mitchellmouth,36526.26,7305.25234375
28,Lake Jonathan,36472.99,9118.2470703125
34,Michaelland,36435.92,5205.131696428572
25,Wrightmouth,36428.312,9107.078125
23,Port Sharon,36400.01,9100.0029296875
36,East Samantha,36382.105,5197.443638392857
27,New Victoria,36365.684,9091.4208984375
26,Margarettown,36331.38,12110.459635416666
27,Johnton,36271.008,5181.572544642857
31,North Benjamin,36215.086,7243.0171875
22,East Derek,36182.45,9045.6123046875
30,Katherinestad,36176.227,9044.056640625
20,New Shari,36154.797,12051.598958333334
27,South Rebecca,36140.04,12046.6796875
22,Nelsonmouth,36118.887,12039.62890625
34,Michaelville,36116.3,4514.53759765625
23,Lauraburgh,36089.082,9022.2705078125
19,West Frank,36023.48,18011.740234375
27,Nicolebury,35993.92,7198.784375
27,North Michaelborough,35977.74,11992.579427083334
22,Kimberlybury,35934.18,11978.059895833334
29,Williamsshire,35862.312,7172.4625
34,Elizabethhaven,35786.99,7157.39765625
33,Thomasburgh,35694.32,5949.053385416667
19,Andersonview,35672.836,11890.9453125
26,Daniellemouth,35644.73,8911.1826171875
18,Wilsonfurt,35577.44,8894.3603515625
24,Michelleside,35535.47,11845.15625
25,West Erica,35458.832,8864.7080078125
26,West Timothy,35436.39,7087.278125
27,Michelleberg,35413.414,8853.353515625
27,North Stephanie,35365.418,7073.08359375
23,Lake Timothy,35351.05,7070.21015625
26,Jenniferberg,35298.75,5883.125
30,North Katherine,35272.79,7054.5578125
28,North Cheryl,35235.875,5872.645833333333
24,New Anthony,35175.082,7035.01640625
29,East Nicholas,35165.668,5860.944661458333
21,Jasonchester,35117.965,8779.4912109375
35,Jenniferhaven,35110.203,5851.700520833333
21,North Adam,35101.58,7020.315625
19,North Maria,35095.68,11698.559895833334
24,North Mark,35042.285,8760.5712890625
18,North Megan,35002.613,8750.6533203125
20,Rodrigueztown,34979.918,8744.9794921875
23,South Justin,34966.37,8741.5927734375
26,Jonesport,34911.902,6982.38046875
25,South Sharon,34848.82,8712.205078125
24,Johnsonberg,34824.758,8706.189453125
20,Donnaburgh,34822.06,17411.029296875
19,Elizabethport,34801.14,11600.380208333334
27,Karenside,34798.14,6959.628125
24,Juliestad,34769.027,8692.2568359375
30,Smithton,34759.92,5793.3203125
30,Lake Samantha,34758.715,6951.74296875
19,East Laura,34747.117,8686.779296875
25,Kellymouth,34717.62,6943.52421875
25,South Maryhaven,34713.64,11571.213541666666
20,East Jamesborough,34698.48,8674.6201171875
31,Michelletown,34688.33,6937.665625
30,East Melissa,34672.35,4953.193080357143
23,Jonathanmouth,34658.152,6931.63046875
20,South Thomas,34539.08,6907.815625
28,Brownborough,34522.55,6904.51015625
34,Port Suzanne,34507.844,8626.9609375
45,North Kimberly,34482.113,4926.016183035715
25,Port Tammy,34448.05,11482.68359375
27,Ashleyton,34401.45,6880.28984375
27,Port Kenneth,34391.53,8597.8828125
31,Brownberg,34369.58,8592.39453125
30,Toddmouth,34334.49,6866.89765625
18,Christianshire,34274.04,17137.01953125
29,Johnsonchester,34263.69,8565.9228515625
20,Sancheztown,34224.4,8556.099609375
24,Clarkchester,34199.633,8549.908203125
28,Davidhaven,34195.29,8548.822265625
30,Ryanfurt,34172.06,8543.0146484375
28,Robinsonside,34171.086,11390.361979166666
19,East Vanessa,34140.145,11380.048177083334
25,North Emily,34119.668,6823.93359375
21,South Andrea,34114.55,8528.6376953125
25,Port Amy,34059.1,6811.8203125
29,Lake Cynthia,33997.89,6799.578125
27,South Ronald,33938.414,8484.603515625
20,South Tracy,33925.133,11308.377604166666
29,New Samantha,33916.125,5652.6875
23,Julieshire,33908.7,8477.1748046875
26,Sarahfurt,33876.26,11292.087239583334
20,West Jill,33864.383,8466.095703125
18,Port Craig,33853.51,11284.50390625
27,East Morgan,33845.05,11281.68359375
26,Hernandezside,33792.594,8448.1484375
14,Hayesbury,33753.45,11251.149739583334
22,Port Davidmouth,33747.855,11249.28515625
26,Markville,33718.65,6743.7296875
32,South Andrew,33716.125,5619.354166666667
29,New Amy,33701.773,5616.962239583333
29,East Kathleen,33671.746,8417.9365234375
27,East Elizabeth,33668.133,6733.6265625
25,Melissafort,33654.26,6730.85234375
23,Angelamouth,33611.81,11203.936197916666
33,Christophershire,33606.7,5601.116536458333
31,East Paul,33595.645,6719.12890625
24,Port Aaron,33590.582,8397.6455078125
27,East Katie,33422.42,6684.484375
20,West Patricia,33382.61,8345.65234375
19,North Margarettown,33365.89,16682.9453125
25,Harrisberg,33350.52,6670.10390625
23,Robertsview,33311.703,11103.901041666666
28,Joshuaberg,33309.06,8327.2646484375
24,Garymouth,33305.75,8326.4375
33,Ericborough,33295.44,6659.08828125
21,Johnstad,33217.18,8304.294921875
23,North Jenniferchester,33177.37,11059.123697916666
21,Karastad,33167.71,16583.85546875
23,Henrymouth,33150.16,6630.03203125
24,East Steven,33140.13,6628.02578125
30,Lake Larry,33096.4,6619.2796875
25,Lisafurt,33052.35,8263.087890625
22,North Jeremy,33050.133,8262.533203125
25,Leestad,33024.55,8256.1376953125
24,East Madison,32935.043,10978.34765625
28,Barbaraborough,32897.082,10965.694010416666
23,Sanchezberg,32856.82,8214.205078125
21,South Zachary,32825.758,8206.439453125
27,Annabury,32824.047,8206.01171875
27,North Angela,32807.5,8201.875
22,Craigville,32730.691,8182.6728515625
31,Sarahshire,32727.33,5454.555013020833
21,East Jonathan,32722.42,8180.60498046875
26,West Diane,32696.793,10898.930989583334
24,West Jennifermouth,32689.17,8172.29248046875
24,Taylorfort,32669.7,10889.899739583334
25,South Edward,32651.88,6530.376171875
18,West Christine,32628.85,10876.283203125
24,Port Lori,32603.83,8150.95751953125
19,Christopherport,32577.807,10859.268880208334
21,Sarahchester,32532.97,10844.323567708334
25,Jonesfurt,32530.273,6506.0546875
28,East Denise,32526.701,10842.233723958334
30,East Todd,32482.66,8120.6650390625
23,Brownhaven,32472.03,8118.00732421875
27,Lake Brandon,32396.51,6479.301953125
21,East Jenniferview,32387.533,10795.844401041666
22,Taylortown,32359.516,10786.505208333334
27,Johnville,32334.508,6466.9015625
20,West Lauren,32309.102,10769.700520833334
20,Christianberg,32296.139,10765.379557291666
23,South Gregory,32284.09,8071.0224609375
22,Elizabethstad,32206.229,8051.55712890625
17,Jessicastad,32163.092,6432.618359375
18,New Carrie,32160.89,10720.296875
32,East Megan,32083.2,6416.63984375
17,Kyleborough,32040.549,16020.2744140625
27,Jasonmouth,31995.87,6399.173828125
30,Jeffreybury,31986.379,7996.5947265625
16,Anthonyville,31977.389,10659.129557291666
17,Shawntown,31975.895,10658.631510416666
25,North Williammouth,31972.912,6394.582421875
13,Andersonfurt,31942.781,15971.390625
20,Powellberg,31929.87,7982.46728515625
21,Davisbury,31892.17,10630.723307291666
25,Perryfort,31865.74,10621.913411458334
25,Thomasfurt,31859.521,6371.904296875
21,Port Tiffany,31854.486,6370.897265625
21,Ramirezborough,31853.52,15926.759765625
25,Jasonton,31847.1,6369.419921875
28,East Brian,31838.451,4548.350167410715
22,Lake Johnton,31836.58,10612.193359375
27,South Paul,31815.91,5302.651692708333
20,New Cody,31807.348,10602.44921875
22,South Patrick,31795.148,6359.0296875
22,Pamelafort,31783.129,7945.7822265625
24,South Rachel,31781.137,10593.712239583334
20,Mooreton,31771.191,10590.397135416666
25,Stephaniestad,31767.969,6353.59375
30,Davisland,31764.885,6352.976953125
16,East Elizabethside,31752.408,10584.136067708334
25,Douglaston,31713.473,10571.157552083334
30,Jenniferborough,31712.338,7928.08447265625
20,Morrisshire,31692.104,7923.02587890625
32,East Brittany,31690.568,4527.224051339285
23,New Keith,31605.77,7901.4423828125
24,Robertburgh,31602.69,6320.537890625
13,Jonathantown,31600.12,15800.0595703125
26,Scottborough,31597.502,7899.37548828125
20,Matthewfort,31536.262,7884.0654296875
27,Lake Ricky,31438.357,6287.671484375
22,Zimmermanmouth,31425.986,10475.328776041666
23,Danielborough,31406.469,10468.822916666666
24,Ryanstad,31370.42,6274.083984375
33,East Angela,31325.26,6265.051953125
26,Stevenshire,31316.861,6263.372265625
22,Cynthiaville,31295.33,10431.776692708334
23,Lake Samuel,31233.549,7808.38720703125
16,Port Andrew,31136.37,15568.1845703125
37,New Jonathan,31132.572,3459.1746961805557
23,New Michaelfort,31121.738,7780.4345703125
27,Sanchezchester,31059.22,7764.80517578125
25,Jonesberg,31055.092,7763.77294921875
27,Mooreborough,31050.865,7762.71630859375
23,New Richard,31036.252,6207.250390625
20,Schultzburgh,30991.79,10330.596354166666
29,Roberthaven,30975.338,6195.067578125
23,Heatherchester,30948.545,7737.13623046875
19,Evansmouth,30910.89,10303.630208333334
28,Juliemouth,30910.38,7727.59521484375
18,West Tiffany,30909.953,10303.317708333334
26,Lake Michaelton,30853.848,10284.615885416666
18,North Ashley,30800.357,10266.785807291666
20,West Kelly,30762.748,10254.249348958334
21,Lake Tony,30756.902,10252.30078125
19,Maryberg,30755.996,7688.9990234375
24,Matthewmouth,30748.502,6149.700390625
25,Lake Susan,30739.549,6147.909765625
21,New Erica,30727.488,6145.49765625
26,Jacobchester,30686.38,7671.59521484375
25,Gonzalezport,30682.15,6136.430078125
23,Youngmouth,30649.258,10216.419270833334
23,East Sabrina,30633.879,10211.29296875
20,Johnsonfurt,30596.412,7649.10302734375
26,Christopherstad,30564.79,6112.9578125
21,Johnport,30547.35,7636.83740234375
22,West Zachary,30541.65,10180.550130208334
20,Jonathanport,30537.42,10179.139973958334
18,Marytown,30533.018,7633.25439453125
30,Thomasshire,30519.098,6103.81953125
22,Wilsonhaven,30506.64,7626.66015625
18,Johnfort,30506.639,7626.65966796875
20,East Jamesberg,30476.59,10158.86328125
20,Williamston,30463.818,7615.95458984375
17,Karenfurt,30462.402,10154.134114583334
27,Port Shannon,30428.096,7607.02392578125
19,Port Amber,30424.822,7606.20556640625
19,Parsonsfurt,30421.535,10140.51171875
22,Matthewborough,30416.023,10138.674479166666
23,Taylormouth,30380.912,7595.22802734375
21,Taylorborough,30311.982,7577.99560546875
21,Jameschester,30309.6,7577.39990234375
19,New Nancy,30309.201,10103.067057291666
24,Johnfurt,30299.19,6059.837890625
30,Markton,30289.451,6057.890234375
15,Mayside,30268.441,30268.44140625
23,Williamchester,30221.021,7555.25537109375
22,Nicholasstad,30212.883,7553.220703125
26,New Tina,30198.746,7549.6865234375
26,New Edward,30172.502,7543.12548828125
24,Cruzside,30157.068,10052.356119791666
13,North Johnview,30152.55,10050.850260416666
23,Cynthiamouth,30129.703,7532.42578125
19,Aaronmouth,30106.078,7526.51953125
34,New Paul,30103.76,5017.293294270833
19,Robertsberg,30067.438,15033.71875
25,Hannahmouth,30016.205,7504.05126953125
31,Smithview,30015.031,6003.00625
24,Josephborough,30008.951,7502.23779296875
17,Port Jessicaview,29994.38,14997.1904296875
23,Davisville,29991.7,7497.9248046875
19,Greenfort,29918.852,9972.950520833334
30,Emilychester,29831.23,5966.24609375
26,Robertshire,29827.447,5965.489453125
24,Ryanville,29804.305,9934.768229166666
29,Nathanmouth,29781.799,9927.266276041666
25,South Nicole,29778.2,7444.5498046875
26,Port Ashley,29761.197,5952.239453125
21,Johnchester,29753.873,5950.774609375
23,Lake Paul,29743.49,5948.698046875
20,Bakerfort,29730.127,14865.0634765625
24,South Lauren,29688.508,5937.7015625
23,East Beth,29686.02,9895.33984375
18,West Brendan,29671.363,14835.681640625
25,Alyssamouth,29659.633,7414.908203125
22,Josephland,29630.756,7407.68896484375
21,Hernandezburgh,29610.371,7402.5927734375
21,Kevinside,29609.41,7402.3525390625
28,Martinberg,29607.691,5921.53828125
17,East Davidview,29606.17,9868.723307291666
26,Jenniferburgh,29604.316,7401.0791015625
14,Baileyview,29604.049,14802.0244140625
25,Williamsside,29591.902,7397.9755859375
26,Lake Angela,29575.611,7393.90283203125
20,Aprilshire,29571.7,9857.233072916666
21,Martinezbury,29510.332,7377.5830078125
27,Johnsonshire,29509.45,5901.88984375
24,Kimberlystad,29480.158,7370.03955078125
12,Patrickfurt,29473.53,14736.7646484375
24,Reyesberg,29467.71,7366.927734375
22,West Cheryl,29460.422,7365.10546875
17,Tammystad,29448.352,9816.1171875
22,New Sean,29405.172,5881.034375
25,Josephton,29398.328,7349.58203125
27,Lindamouth,29396.541,5879.308203125
23,Smithshire,29350.75,5870.15
25,Gordonmouth,29325.73,9775.243489583334
31,Martinezland,29320.137,7330.0341796875
20,Walshtown,29315.668,14657.833984375
25,Richardfort,29289.49,5857.898046875
21,Jasonhaven,29249.96,9749.986979166666
22,Leefort,29234.97,5846.994140625
26,Floresmouth,29221.54,5844.3078125
23,Jessicaton,29170.02,5834.00390625
17,Robinsonchester,29115.771,9705.257161458334
14,Ericaberg,29111.262,14555.630859375
17,North Samuel,29094.18,9698.059895833334
19,Port Christopherchester,29076.3,14538.150390625
30,West Ryan,29073.564,4845.594075520833
20,Justinside,29061.023,9687.0078125
20,Nicholasmouth,29058.527,7264.6318359375
14,Evansberg,29050.46,14525.23046875
16,South Dennis,29030.39,14515.1953125
22,Karenland,29006.771,5801.354296875
24,Garciaside,28841.582,7210.3955078125
20,West Shannon,28838.33,9612.776692708334
20,Lake Stephanie,28806.973,7201.7431640625
17,Jenniferport,28788.703,14394.3515625
22,South Wendy,28786.85,9595.616536458334
15,Lake Kyle,28770.7,14385.349609375
19,Turnerland,28752.908,9584.302734375
23,Jasonport,28744.861,9581.620442708334
21,Port Crystal,28740.65,7185.16259765625
34,Mooremouth,28730.648,5746.1296875
11,Jasminetown,28726.688,14363.34375
12,Pierceton,28658.164,14329.08203125
18,Port Davidborough,28646.79,9548.9296875
26,Johnsonport,28643.691,4773.948567708333
15,Pattersonmouth,28635.97,14317.9853515625
18,Paulahaven,28631.621,7157.9052734375
18,Lake Kelly,28627.99,9542.663411458334
21,Christophertown,28619.42,7154.85498046875
15,West Dana,28616.75,9538.916666666666
23,Kellyside,28605.053,9535.017578125
27,West Elizabethstad,28551.748,9517.249348958334
26,New Pamela,28547.438,7136.859375
20,Davisburgh,28542.887,9514.295572916666
15,New Laurafort,28524.498,9508.166015625
24,North Deborah,28465.898,7116.474609375
22,Port Alexa,28459.89,9486.630208333334
25,Lake Maria,28457.502,7114.37548828125
22,Kennethfort,28391.94,9463.979817708334
26,Matthewfurt,28389.107,7097.27685546875
25,East Karen,28388.97,7097.24267578125
20,Hernandezmouth,28377.35,7094.33740234375
18,Rodriguezport,28272.24,14136.1201171875
18,Kingview,28268.887,14134.443359375
14,Collinsberg,28199.207,14099.603515625
16,Stephenmouth,28188.922,7047.23046875
17,Bakerberg,28175.83,7043.95751953125
24,Davidport,28164.22,7041.05517578125
20,Nelsonville,28160.61,9386.869791666666
19,Kingbury,28159.09,9386.36328125
21,West Linda,28146.59,7036.6474609375
17,Catherineton,28141.277,14070.638671875
20,Jessicaville,28120.57,7030.142578125
18,Mitchellfurt,28113.262,9371.087239583334
21,Andersonburgh,28098.418,4683.069661458333
20,Bradleyton,28093.568,9364.522786458334
19,Kellyport,28082.832,9360.944010416666
26,West Gary,28078.844,9359.614583333334
26,Lake Lauren,28064.76,7016.18994140625
28,West William,28046.87,5609.373828125
29,Gonzalezhaven,28043.492,7010.873046875
21,Maryport,28040.871,9346.95703125
22,Nicoleville,28008.57,9336.190104166666
14,South Justinfurt,27972.219,9324.072916666666
21,Alexandertown,27950.322,9316.774088541666
22,Leetown,27942.322,9314.107421875
24,Wrightburgh,27892.383,9297.4609375
25,Scottstad,27880.791,6970.19775390625
21,West Jeremy,27830.871,9276.95703125
26,North Ryan,27798.578,5559.715625
22,New Deborah,27784.26,9261.419921875
22,South Robertstad,27783.31,6945.82763671875
24,Port Bradley,27782.9,6945.72509765625
12,New Brittany,27782.47,13891.2353515625
22,West Alexander,27779.914,9259.971354166666
15,East Trevor,27770.861,9256.953776041666
19,South Valerie,27763.742,13881.87109375
27,Harrisshire,27716.781,5543.35625
24,Douglasmouth,27714.31,9238.103515625
24,Matthewview,27702.557,5540.511328125
26,New Susan,27699.902,5539.98046875
24,Andersonland,27692.03,6923.00732421875
22,Lopezside,27666.857,9222.285807291666
24,Danielville,27649.12,6912.27978515625
21,South Johnmouth,27649.07,9216.356770833334
13,East Samuelchester,27648.701,13824.3505859375
16,Port Chadburgh,27629.383,13814.69140625
20,Gregoryport,27598.111,5519.622265625
18,North Jasontown,27597.758,9199.252604166666
18,Michaelview,27593.031,5518.60625
18,South Johnland,27582.848,13791.423828125
27,Heatherburgh,27578.879,6894.7197265625
20,East Leslie,27578.822,6894.70556640625
19,South Samantha,27572.9,6893.22509765625
22,Kellyshire,27564.379,6891.0947265625
24,Joshuastad,27561.62,5512.323828125
18,South Lori,27543.209,13771.6044921875
25,Lauraview,27498.062,6874.515625
19,South Ann,27491.97,6872.99267578125
24,Johnview,27468.867,4578.14453125
17,North Margaret,27468.508,6867.126953125
22,Martinezburgh,27466.479,9155.492838541666
14,New Williammouth,27465.02,9155.006510416666
17,Port Monica,27455.268,9151.755859375
16,Sandrafurt,27450.97,13725.4853515625
21,West Jennifershire,27445.291,9148.430338541666
25,New Jesse,27442.35,6860.58740234375
25,Rodriguezmouth,27439.988,5487.99765625
16,Carterstad,27429.328,13714.6640625
30,Josephport,27421.8,4570.300130208333
14,Kellytown,27409.24,9136.413411458334
21,New Jasonhaven,27409.203,9136.401041666666
17,Berrystad,27396.559,9132.186197916666
27,Amyside,27391.03,5478.205859375
23,Ryanmouth,27390.12,6847.52978515625
14,Stewartburgh,27364.508,13682.25390625
20,Matthewsstad,27351.553,9117.184244791666
19,Michelleton,27347.633,9115.877604166666
24,Leehaven,27343.527,6835.8818359375
20,Samanthamouth,27339.396,9113.132161458334
11,Annaville,27304.31,13652.1552734375
