customer_name,total_sales,total_profit
Amy Camacho,19,9692.689
Jason Williams,17,11485.11
Ashley Taylor,17,11491.01
Michael Burns,17,8830.79
Justin Rodriguez,17,8605.58
Tracy Mendez,16,11703.799
Heather Jones,16,9721.77
Andre Carter,15,9080.87
Thomas Torres,15,5482.6196
Robert Brown,15,8206.99
Michael White,15,6554.3
Laurie Myers,15,6635.06
Michael Beck,15,6611.85
Jesus Ross,15,10563.051
Tyler Parrish,15,3676.8599
Kristie Lucas,15,11624
Dylan Clark,15,11818.951
David Barnes,15,7126.0396
Ronald Norris,14,8337.181
Heather Martinez,14,6816.1694
Steven Patterson,14,7319.4395
Matthew Jordan,14,10943.34
Ryan Brandt,14,7768.8403
Belinda Miller,14,6124.55
Douglas Bishop,14,5157.3604
Daniel Anderson,14,8457.721
Leah Barker,14,10476.071
Joseph Bautista,14,8030.55
Edward Lee,14,8165.69
Donna Miller,14,5893.8096
Kelsey Leblanc,14,9458.72
Ricky Mckenzie,14,8175.4204
Sonya Robbins,14,10149.92
Andrea Lopez,14,7893.52
Kenneth Doyle,14,8567.74
Joyce Cooper,14,12397.891
Donna Ruiz,14,7770.9897
Justin Caldwell,14,11374.841
Anthony Chase,14,10838.9795
Stephanie Vazquez,14,4697.8003
Denise Jackson,14,6263.12
Linda Knight,14,8989.438
Jane Smith,14,7203.4
Timothy Williams,14,8492.5205
Victoria Wallace,14,5620.61
Kenneth Malone,14,4223.2905
Nancy Ray,14,9042.71
Aaron Cruz,14,7545.35
Jessica Avery,14,8125.1006
Carl Ellison,14,11488.851
Bryan Kirby,13,5965.3804
Ricky Garcia,13,9823.17
Ricardo Wade,13,6017.5
Mary Hebert,13,5432.93
Rhonda Lopez,13,6122.47
Laura Howell,13,5924.7095
Nicole Reed,13,5582.1196
Curtis Richard,13,10635.461
Jason Hudson,13,9978.4795
Angela Wilson,13,6274.0996
Karen Orr,13,6164.6797
Thomas Martin,13,8210.44
Joseph Smith,13,7978.19
Rachael Campbell,13,7474.5205
Sarah Bennett,13,10434.439
Sarah Price,13,8467.601
Rachel Gay,13,8147.4697
Brian Bell,13,5722.8496
Jessica Key,13,7786.7793
Isabella Leblanc,13,6139.74
Shawn English,13,7872.1006
Kyle Spencer,13,6018.05
Kevin Hardy,13,10373.379
Michael Russell,13,5492.52
Lauren Flores,13,6599.6895
Mary Martinez,13,6658.8706
Ashley Clements,13,4620.2603
Michelle Glover,13,7418.29
Joseph Hall,13,5567.43
Lisa Watts,13,8132.6797
Devin Poole,13,7829.6104
David Robinson,13,5825.1
Ashley Rodgers,13,8718.34
Eddie Hartman,13,7450.3105
Brandon Morales,13,9001.27
Nicole Valdez,13,7436.05
Deborah Smith,13,7252.06
Brittany Wilson,13,8622.77
Mikayla Beard,13,8086.65
Monique Phillips,13,6965.8203
Tiffany Warren,13,7743.2495
David Robinson,13,5595.8604
Sharon Carr,13,8023.76
Vicki Wood,13,7097.7
Donald Hart,13,4116.71
Rebecca Mclean,13,8448.899
Martin Jenkins,13,6893.12
Alicia Glover,13,6493.13
Heather Jimenez,13,9024.121
James Long,13,13993.62
