product_category,product_name,unit_price,row_num
Automotive,Castrol Visionary regional workforce Cleaning,590.78,1
Baby & Kids,Evenflo Profit-focused multimedia monitoring Clothing,347.09,1
Beauty & Personal Care,Revlon Optimized neutral knowledge user Skincare,148.59,1
Books & Media,McGraw-Hill Devolved responsive attitude Non-Fiction,79.96,1
Electronics,Asus Re-engineered content-based strategy Tablets,1482.95,1
Fashion,Zara Exclusive logistical hardware Kids' Clothing,299.92,1
Grocery,General Mills Monitored tangible architecture Snacks,97.82,1
Health & Wellness,Garmin Monitored disintermediate superstructure Massagers,291.89,1
Home & Kitchen,Target Horizontal tangible knowledgebase Storage,398.04,1
Home Appliances,Dyson Reduced non-volatile model Coffee Makers,793.35,1
Jewelry,Cartier Devolved mission-critical Graphic Interface Watches,971.74,1
Office Supplies,Mead Profit-focused tangible service-desk Technology,299.68,1
Pet Supplies,Petmate Centralized bottom-line model Grooming,249.48,1
Sports & Outdoors,Adidas Persistent incremental application Cycling,498.63,1
Toys & Games,Mattel Configurable encompassing intranet Puzzles,196.29,1
