table_name,column_name,data_type
customer_master,customer_id,text
customer_master,customer_name,text
customer_master,customer_age,integer
customer_master,gender,text
customer_master,customer_segment,text
customer_master,customer_city,text
customer_master,customer_state,text
customer_master,customer_country,text
customer_master,region,text
customer_master,customer_postal_code,bigint
customer_master,customer_acquisition_cost,real
ecommerce_sales_customers,order_id,text
ecommerce_sales_customers,order_date,date
ecommerce_sales_customers,order_time,time without time zone
ecommerce_sales_customers,order_status,text
ecommerce_sales_customers,sales_channel,text
ecommerce_sales_customers,customer_id,text
ecommerce_sales_customers,customer_name,text
ecommerce_sales_customers,customer_age,integer
ecommerce_sales_customers,gender,text
ecommerce_sales_customers,customer_segment,text
ecommerce_sales_customers,customer_type,text
ecommerce_sales_customers,customer_city,text
ecommerce_sales_customers,customer_state,text
ecommerce_sales_customers,customer_country,text
ecommerce_sales_customers,region,text
ecommerce_sales_customers,customer_postal_code,bigint
ecommerce_sales_customers,payment_method,text
ecommerce_sales_customers,payment_status,text
ecommerce_sales_customers,currency,text
ecommerce_sales_customers,shipping_method,text
ecommerce_sales_customers,warehouse,text
ecommerce_sales_customers,delivery_days,real
ecommerce_sales_customers,estimated_delivery_days,real
ecommerce_sales_customers,delivery_status,text
ecommerce_sales_customers,return_status,text
ecommerce_sales_customers,return_reason,text
ecommerce_sales_customers,customer_rating,real
ecommerce_sales_customers,review_sentiment,text
ecommerce_sales_customers,customer_review,text
ecommerce_sales_customers,marketing_channel,text
ecommerce_sales_customers,campaign_name,text
ecommerce_sales_customers,coupon_code,text
ecommerce_sales_customers,loyalty_points_earned,real
ecommerce_sales_customers,loyalty_points_redeemed,real
ecommerce_sales_customers,quantity,real
ecommerce_sales_customers,gross_sales,real
ecommerce_sales_customers,discount_amount,real
ecommerce_sales_customers,tax_amount,real
ecommerce_sales_customers,shipping_cost,real
ecommerce_sales_customers,net_sales,real
ecommerce_sales_customers,product_cost,real
ecommerce_sales_customers,profit,real
ecommerce_sales_customers,profit_margin_percentage,real
ecommerce_sales_customers,customer_lifetime_value,real
ecommerce_sales_customers,is_repeat_customer,text
ecommerce_sales_customers,customer_order_count,real
order_items,order_id,text
order_items,product_id,text
order_items,quantity,integer
order_items,unit_price,numeric
order_items,discount_percentage,numeric
order_items,discount_amount,numeric
order_items,gross_sales,numeric
order_items,tax_amount,numeric
order_items,shipping_cost,numeric
order_items,net_sales,numeric
order_items,product_cost,numeric
order_items,profit,numeric
product_catalog,product_id,text
product_catalog,product_name,text
product_catalog,product_category,text
product_catalog,product_subcategory,text
product_catalog,brand,text
product_catalog,supplier,text
product_catalog,unit_price,numeric
product_catalog,product_cost,numeric
product_catalog,product_rating,numeric
