product_name,product_category,unit_price,most_exp_product
Castrol Visionary regional workforce Cleaning,Automotive,590.78,590.78
Valvoline Quality-focused user-facing moderator Cleaning,Automotive,590.44,590.78
Goodyear Multi-lateral 3rdgeneration hierarchy Tools,Automotive,579.4,590.78
Mobil Profit-focused secondary conglomeration Car Electronics,Automotive,563.36,590.78
Mobil Ergonomic directional challenge Cleaning,Automotive,550.75,590.78
Michelin Configurable fault-tolerant open architecture Motorcycle Gear,Automotive,529.14,590.78
Castrol Multi-lateral background Internet solution Car Accessories,Automotive,528.46,590.78
Castrol Cross-platform motivating throughput Cleaning,Automotive,517.16,590.78
Continental Mandatory systematic policy Car Electronics,Automotive,513.36,590.78
Bosch Reduced local software Tires,Automotive,507.09,590.78
Thule Intuitive coherent intranet Tires,Automotive,502.38,590.78
Valvoline Synchronized interactive migration Tools,Automotive,496.82,590.78
Goodyear Ergonomic zero-defect hardware Maintenance,Automotive,486.89,590.78
Mobil Digitized eco-centric customer loyalty Maintenance,Automotive,477.4,590.78
Yakima Versatile non-volatile task-force Tires,Automotive,475.68,590.78
Thule Sharable intangible frame Car Accessories,Automotive,474.6,590.78
Bridgestone Re-engineered solution-oriented core Batteries,Automotive,470.49,590.78
Goodyear Managed clear-thinking secured line Tools,Automotive,467.77,590.78
Castrol Customizable impactful adapter Car Accessories,Automotive,461.37,590.78
Castrol De-engineered radical strategy Motorcycle Gear,Automotive,458.92,590.78
Yakima Compatible context-sensitive throughput Tires,Automotive,446.68,590.78
Continental Automated analyzing hub Batteries,Automotive,443.11,590.78
Michelin Integrated maximized knowledge user Batteries,Automotive,442.2,590.78
Castrol Distributed asynchronous frame Cleaning,Automotive,423.62,590.78
Continental Configurable hybrid function Car Accessories,Automotive,423.46,590.78
Mobil Up-sized stable portal Motorcycle Gear,Automotive,408.03,590.78
Mobil Mandatory transitional artificial intelligence Car Electronics,Automotive,405.0,590.78
Continental Cross-group reciprocal policy Batteries,Automotive,401.03,590.78
Bridgestone Distributed full-range artificial intelligence Motorcycle Gear,Automotive,397.56,590.78
Mobil Self-enabling modular Local Area Network Tires,Automotive,392.69,590.78
Bosch Mandatory zero administration matrix Tools,Automotive,388.06,590.78
Bridgestone Re-engineered impactful strategy Car Accessories,Automotive,377.27,590.78
Goodyear Horizontal asynchronous project Batteries,Automotive,373.93,590.78
Goodyear Multi-lateral holistic forecast Car Electronics,Automotive,372.95,590.78
Castrol Reverse-engineered impactful moderator Car Accessories,Automotive,363.97,590.78
Bridgestone Managed zero-defect concept Car Accessories,Automotive,361.16,590.78
Valvoline Re-contextualized secondary productivity Tires,Automotive,360.91,590.78
Michelin Programmable reciprocal complexity Car Electronics,Automotive,347.89,590.78
Bridgestone Customizable multi-tasking migration Maintenance,Automotive,345.18,590.78
Mobil Synergistic uniform encoding Cleaning,Automotive,325.89,590.78
Yakima Reduced stable circuit Motorcycle Gear,Automotive,317.25,590.78
Continental Diverse contextually-based solution Cleaning,Automotive,313.02,590.78
Michelin Monitored upward-trending project Maintenance,Automotive,308.99,590.78
Bridgestone Progressive background project Tools,Automotive,308.73,590.78
Yakima Multi-channeled motivating archive Batteries,Automotive,300.12,590.78
Continental Total user-facing software Tools,Automotive,289.08,590.78
Bridgestone Customer-focused dynamic Internet solution Car Accessories,Automotive,280.19,590.78
Yakima Self-enabling exuding utilization Tires,Automotive,269.2,590.78
Goodyear User-friendly global definition Car Accessories,Automotive,226.19,590.78
Castrol Organized bi-directional workforce Car Electronics,Automotive,221.46,590.78
Bridgestone Secured fresh-thinking product Tires,Automotive,214.02,590.78
Thule Digitized disintermediate benchmark Maintenance,Automotive,213.86,590.78
Mobil Secured logistical solution Car Accessories,Automotive,209.62,590.78
Bridgestone Cloned methodical intranet Tires,Automotive,193.26,590.78
Castrol Integrated contextually-based data-warehouse Tools,Automotive,186.54,590.78
Yakima User-centric 6thgeneration knowledge user Batteries,Automotive,177.73,590.78
Mobil Balanced dynamic strategy Car Electronics,Automotive,170.89,590.78
Michelin Total stable infrastructure Motorcycle Gear,Automotive,170.0,590.78
Yakima Organic leadingedge moderator Car Electronics,Automotive,168.79,590.78
Goodyear Reduced neutral utilization Batteries,Automotive,163.25,590.78
Continental Multi-tiered secondary utilization Tools,Automotive,158.5,590.78
Bosch Inverse composite website Car Accessories,Automotive,137.44,590.78
Thule Grass-roots optimizing approach Batteries,Automotive,127.94,590.78
Mobil Automated stable Graphical User Interface Cleaning,Automotive,126.85,590.78
Mobil Down-sized uniform intranet Cleaning,Automotive,116.25,590.78
Thule Networked executive extranet Motorcycle Gear,Automotive,116.15,590.78
Yakima Balanced incremental hierarchy Cleaning,Automotive,114.1,590.78
Castrol Visionary regional capacity Cleaning,Automotive,108.22,590.78
Michelin Networked incremental time-frame Car Electronics,Automotive,107.72,590.78
Mobil Enhanced real-time collaboration Tires,Automotive,105.52,590.78
Bosch Profit-focused coherent approach Car Electronics,Automotive,100.76,590.78
Castrol Business-focused responsive project Car Electronics,Automotive,86.57,590.78
Michelin Virtual well-modulated projection Tires,Automotive,71.39,590.78
Castrol Right-sized homogeneous collaboration Cleaning,Automotive,68.41,590.78
Castrol Cross-platform next generation service-desk Car Electronics,Automotive,67.4,590.78
Castrol Organic reciprocal forecast Cleaning,Automotive,66.06,590.78
Yakima Managed asymmetric groupware Car Electronics,Automotive,59.25,590.78
Bridgestone Compatible multimedia productivity Maintenance,Automotive,57.62,590.78
Mobil Profit-focused human-resource Local Area Network Batteries,Automotive,53.09,590.78
Thule Monitored fault-tolerant projection Motorcycle Gear,Automotive,50.13,590.78
Michelin Inverse real-time leverage Batteries,Automotive,39.5,590.78
Evenflo Profit-focused multimedia monitoring Clothing,Baby & Kids,347.09,347.09
Gerber Switchable mission-critical moderator Strollers,Baby & Kids,342.4,347.09
VTech Organized dynamic circuit Diapers,Baby & Kids,337.97,347.09
Huggies Secured systemic pricing structure Baby Gear,Baby & Kids,337.77,347.09
Evenflo Innovative optimizing Graphical User Interface Clothing,Baby & Kids,335.86,347.09
Gerber Proactive fault-tolerant methodology Diapers,Baby & Kids,335.53,347.09
Chicco Expanded next generation Graphic Interface Strollers,Baby & Kids,331.14,347.09
Baby Einstein Stand-alone system-worthy firmware Car Seats,Baby & Kids,325.28,347.09
Gerber Expanded system-worthy strategy Car Seats,Baby & Kids,323.04,347.09
Fisher-Price Self-enabling 4thgeneration policy Furniture,Baby & Kids,322.36,347.09
Fisher-Price Phased empowering projection Furniture,Baby & Kids,313.2,347.09
VTech Proactive radical projection Baby Food,Baby & Kids,309.85,347.09
VTech Organic foreground instruction set Strollers,Baby & Kids,301.02,347.09
Graco Managed methodical model Toys,Baby & Kids,298.77,347.09
Evenflo Customizable content-based adapter Strollers,Baby & Kids,297.62,347.09
Gerber Customizable intangible paradigm Furniture,Baby & Kids,286.73,347.09
Chicco Secured zero-defect implementation Furniture,Baby & Kids,285.33,347.09
Evenflo Persevering coherent portal Toys,Baby & Kids,277.37,347.09
Chicco Multi-layered full-range service-desk Clothing,Baby & Kids,276.74,347.09
Baby Einstein Re-engineered uniform functionalities Diapers,Baby & Kids,269.95,347.09
Britax Pre-emptive foreground matrices Car Seats,Baby & Kids,269.94,347.09
Huggies Monitored next generation utilization Car Seats,Baby & Kids,267.68,347.09
Gerber Object-based reciprocal support Clothing,Baby & Kids,265.39,347.09
Graco Fully-configurable even-keeled open architecture Car Seats,Baby & Kids,259.17,347.09
Huggies Fully-configurable cohesive Graphic Interface Diapers,Baby & Kids,253.87,347.09
Gerber Expanded incremental middleware Strollers,Baby & Kids,253.43,347.09
Graco Networked reciprocal instruction set Diapers,Baby & Kids,250.79,347.09
Baby Einstein Progressive responsive success Furniture,Baby & Kids,242.67,347.09
Baby Einstein Integrated uniform solution Furniture,Baby & Kids,240.83,347.09
Pampers Public-key 24/7 benchmark Baby Food,Baby & Kids,233.3,347.09
Britax Optional client-driven firmware Baby Food,Baby & Kids,231.02,347.09
Britax Proactive multimedia Local Area Network Diapers,Baby & Kids,230.79,347.09
Pampers Persevering national Graphical User Interface Strollers,Baby & Kids,229.61,347.09
Chicco Synergistic methodical forecast Baby Food,Baby & Kids,218.6,347.09
Baby Einstein Virtual neutral focus group Baby Gear,Baby & Kids,214.37,347.09
Chicco Quality-focused heuristic service-desk Strollers,Baby & Kids,204.3,347.09
Chicco Reduced mission-critical concept Furniture,Baby & Kids,192.44,347.09
VTech Object-based holistic utilization Toys,Baby & Kids,189.63,347.09
Baby Einstein Open-architected actuating open system Baby Food,Baby & Kids,187.81,347.09
Gerber Cross-platform actuating frame Diapers,Baby & Kids,180.43,347.09
Evenflo Networked motivating knowledge user Baby Gear,Baby & Kids,180.11,347.09
VTech Multi-tiered foreground conglomeration Strollers,Baby & Kids,174.76,347.09
Baby Einstein Ameliorated background infrastructure Diapers,Baby & Kids,168.33,347.09
Pampers Focused uniform application Furniture,Baby & Kids,164.97,347.09
Graco Automated object-oriented standardization Strollers,Baby & Kids,164.26,347.09
VTech Persistent bottom-line flexibility Diapers,Baby & Kids,160.33,347.09
Huggies Digitized systemic encryption Strollers,Baby & Kids,159.99,347.09
Britax Extended optimal help-desk Diapers,Baby & Kids,154.53,347.09
Britax Profound client-driven Graphic Interface Toys,Baby & Kids,148.33,347.09
Pampers Profit-focused logistical encoding Diapers,Baby & Kids,138.89,347.09
Huggies Open-architected high-level analyzer Baby Food,Baby & Kids,138.21,347.09
Chicco Profit-focused 6thgeneration analyzer Toys,Baby & Kids,131.61,347.09
Graco Customer-focused foreground encoding Diapers,Baby & Kids,119.97,347.09
Gerber Decentralized clear-thinking attitude Baby Gear,Baby & Kids,119.47,347.09
Chicco Automated client-driven structure Toys,Baby & Kids,115.43,347.09
Graco Ergonomic well-modulated complexity Diapers,Baby & Kids,114.85,347.09
Gerber Robust multimedia initiative Toys,Baby & Kids,113.26,347.09
Huggies Vision-oriented reciprocal leverage Strollers,Baby & Kids,101.95,347.09
Evenflo Seamless foreground complexity Toys,Baby & Kids,91.46,347.09
Baby Einstein Seamless mission-critical core Car Seats,Baby & Kids,89.4,347.09
Pampers Business-focused actuating forecast Baby Food,Baby & Kids,86.02,347.09
Pampers Upgradable high-level task-force Baby Food,Baby & Kids,81.74,347.09
Britax Distributed incremental solution Strollers,Baby & Kids,80.97,347.09
Huggies Innovative methodical adapter Clothing,Baby & Kids,80.6,347.09
Baby Einstein Triple-buffered client-driven model Strollers,Baby & Kids,78.69,347.09
Fisher-Price Vision-oriented optimal orchestration Furniture,Baby & Kids,64.35,347.09
Huggies Versatile client-server customer loyalty Toys,Baby & Kids,55.27,347.09
Chicco Visionary executive strategy Car Seats,Baby & Kids,54.7,347.09
Baby Einstein Pre-emptive tertiary open system Clothing,Baby & Kids,40.33,347.09
Evenflo User-centric upward-trending approach Strollers,Baby & Kids,39.48,347.09
Graco Innovative directional framework Car Seats,Baby & Kids,24.77,347.09
Britax Reactive executive archive Baby Gear,Baby & Kids,21.47,347.09
Graco Mandatory next generation hierarchy Toys,Baby & Kids,20.68,347.09
VTech Realigned content-based hierarchy Baby Food,Baby & Kids,19.92,347.09
Gerber Visionary uniform software Car Seats,Baby & Kids,19.05,347.09
Revlon Optimized neutral knowledge user Skincare,Beauty & Personal Care,148.59,148.59
Revlon Virtual homogeneous focus group Fragrances,Beauty & Personal Care,147.88,148.59
Benefit Streamlined system-worthy ability Skincare,Beauty & Personal Care,147.53,148.59
Clinique Versatile zero administration benchmark Skincare,Beauty & Personal Care,145.73,148.59
Benefit Visionary zero-defect model Makeup,Beauty & Personal Care,145.1,148.59
Revlon Persistent tangible extranet Bath & Body,Beauty & Personal Care,144.55,148.59
Maybelline Public-key 4thgeneration infrastructure Fragrances,Beauty & Personal Care,142.62,148.59
Clinique Pre-emptive responsive encoding Makeup,Beauty & Personal Care,141.37,148.59
MAC Enhanced tangible model Skincare,Beauty & Personal Care,140.11,148.59
MAC Persevering fresh-thinking Graphical User Interface Fragrances,Beauty & Personal Care,139.58,148.59
Benefit Versatile intangible extranet Fragrances,Beauty & Personal Care,138.92,148.59
Maybelline Cloned zero-defect projection Bath & Body,Beauty & Personal Care,138.78,148.59
L'Oreal Multi-lateral scalable knowledgebase Deodorants,Beauty & Personal Care,135.49,148.59
NARS Distributed discrete info-mediaries Hair Care,Beauty & Personal Care,132.81,148.59
L'Oreal Assimilated attitude-oriented project Fragrances,Beauty & Personal Care,132.1,148.59
NARS Mandatory 24/7 instruction set Oral Care,Beauty & Personal Care,129.8,148.59
NARS Robust directional matrix Hair Care,Beauty & Personal Care,128.5,148.59
CoverGirl Streamlined encompassing pricing structure Deodorants,Beauty & Personal Care,124.44,148.59
Benefit Face-to-face encompassing Internet solution Fragrances,Beauty & Personal Care,121.62,148.59
Maybelline Multi-tiered mission-critical ability Hair Care,Beauty & Personal Care,120.4,148.59
