product_name,total_profit
OnePlus Adaptive uniform success Gaming Consoles,376805.41
Messika Networked disintermediate knowledge user Pendants,366529.63
HP Versatile actuating budgetary management Smart Watches,364187.95
Sony Customer-focused systematic support Smartphones,344305.93
HP Function-based neutral access Cameras,335125.63
Tous Diverse impactful software Chains,331429.03
Mikimoto Monitored zero administration website Rings,326125.53
OnePlus Quality-focused background parallelism Smartphones,318948.00
Xiaomi Self-enabling exuding productivity Gaming Consoles,315731.45
Asus Configurable upward-trending matrix TVs,300483.49
Pandora Open-source solution-oriented leverage Necklaces,296679.37
Apple Inverse mobile adapter TVs,292247.98
Google Extended well-modulated Graphical User Interface Laptops,291757.55
OnePlus Switchable methodical neural-net TVs,287872.13
Microsoft Progressive 24hour policy TVs,287829.84
Asus Re-engineered content-based strategy Tablets,286463.16
Cartier Devolved mission-critical Graphic Interface Watches,285552.39
Xiaomi Fundamental motivating task-force Gaming Consoles,285324.29
Tous Synchronized bandwidth-monitored contingency Watches,274199.15
David Yurman Enhanced intangible conglomeration Earrings,271959.58
Dell Multi-tiered even-keeled knowledgebase Tablets,270015.77
Samsung Operative directional knowledge user Smartphones,269974.34
Cartier Visionary background projection Earrings,269768.83
Miele Expanded systemic productivity Toasters,266758.33
Asus Cloned human-resource implementation Cameras,263063.55
LG Face-to-face 24hour archive Washing Machines,262842.93
Asus Future-proofed zero administration project Cameras,262563.12
Google User-centric even-keeled encryption Smartphones,258610.98
LG Profound modular array Smart Watches,251164.62
OnePlus Streamlined modular infrastructure Smart Watches,242450.76
Samsung Versatile asynchronous access Blenders,242403.43
Messika Implemented 5thgeneration access Earrings,241994.88
Swarovski Innovative non-volatile portal Bracelets,240836.10
Tiffany Monitored leadingedge projection Rings,238685.77
Asus Focused zero administration frame Tablets,234955.88
Samsung Distributed holistic task-force TVs,231172.23
Google Right-sized maximized moderator Cameras,230087.11
KitchenAid Front-line empowering infrastructure Blenders,229794.53
Pandora Cross-platform incremental groupware Necklaces,228030.16
Samsung Synchronized neutral framework Toasters,227273.09
Cuisinart Programmable local capability Refrigerators,224721.95
Dell Customer-focused background implementation Laptops,224421.94
Miele Switchable bi-directional challenge Toasters,223494.19
Dyson Reduced non-volatile model Coffee Makers,223451.39
Whirlpool Front-line impactful capability Vacuum Cleaners,221631.15
Pandora Quality-focused homogeneous infrastructure Rings,221450.12
Dyson Fully-configurable directional architecture Refrigerators,221442.66
Electrolux Innovative logistical functionalities Blenders,220263.67
Lenovo Diverse tangible interface Smartphones,219333.43
David Yurman Synergized zero administration challenge Necklaces,218542.34
LG Reverse-engineered even-keeled workforce Smartphones,216683.84
Whirlpool Synchronized transitional functionalities Blenders,216189.42
Mikimoto Progressive tertiary hierarchy Gemstones,215003.52
David Yurman Future-proofed client-driven benchmark Rings,213363.15
Dyson Fundamental bifurcated benchmark Toasters,212837.39
Sony Cloned didactic open system Smart Watches,212687.65
LG Stand-alone logistical circuit Smart Watches,211087.65
Tiffany Innovative optimal success Pendants,208613.67
Electrolux Front-line even-keeled secured line Washing Machines,205239.38
Goodyear Managed clear-thinking secured line Tools,203403.76
David Yurman Diverse upward-trending knowledgebase Bracelets,203233.87
Mobil Profit-focused secondary conglomeration Car Electronics,201746.56
David Yurman Inverse background initiative Watches,200938.39
Goodyear Multi-lateral 3rdgeneration hierarchy Tools,198875.68
LG Synergized interactive policy Cameras,198292.21
Bosch Focused asymmetric alliance Washing Machines,195964.18
Valvoline Quality-focused user-facing moderator Cleaning,195907.34
Tiffany Proactive contextually-based synergy Earrings,194358.86
Van Cleef Polarized solution-oriented customer loyalty Earrings,192582.62
HP Customizable high-level workforce TVs,191484.56
Sony Cross-platform heuristic hardware Laptops,190532.08
Samsung Multi-layered heuristic database Tablets,190377.83
Sony Optional cohesive knowledgebase Gaming Consoles,190214.14
Dyson Future-proofed executive portal Toasters,190049.42
Electrolux Streamlined multi-tasking access Toasters,189252.10
Microsoft Robust scalable concept Headphones,188468.87
Apple Synergized secondary archive Headphones,188468.59
Asus Streamlined tangible moratorium Smartphones,186058.14
Pandora Up-sized even-keeled forecast Rings,185860.27
Xiaomi Down-sized empowering moderator TVs,185549.63
Cuisinart Grass-roots maximized encryption Microwaves,184530.52
OnePlus Configurable discrete attitude Tablets,184061.96
HP Adaptive well-modulated workforce Smartphones,183434.10
Messika Universal methodical attitude Necklaces,181515.24
HP Cross-group didactic emulation Smartphones,181266.80
Mikimoto Synergistic web-enabled core Bracelets,180943.04
Xiaomi Centralized discrete alliance Headphones,178790.44
Cuisinart Sharable interactive focus group Toasters,178594.26
Pandora Automated hybrid toolset Earrings,177577.80
Whirlpool Intuitive empowering database Coffee Makers,176294.74
Van Cleef Adaptive neutral complexity Necklaces,175554.48
Dell Robust empowering workforce Laptops,174736.43
Cuisinart De-engineered grid-enabled architecture Blenders,173066.46
Mikimoto Future-proofed next generation standardization Rings,171964.13
Panasonic Pre-emptive didactic moratorium Washing Machines,169710.94
Miele Expanded transitional Graphical User Interface Toasters,169569.41
Samsung Triple-buffered responsive approach Washing Machines,169400.84
Castrol Customizable impactful adapter Car Accessories,169029.06
David Yurman Ergonomic bifurcated groupware Bracelets,168885.80
Apple Public-key bottom-line implementation Laptops,167773.09
Dell Configurable neutral frame Laptops,167642.34
Continental Configurable hybrid function Car Accessories,167417.00
LG Reactive discrete parallelism Washing Machines,167013.55
Electrolux Streamlined needs-based access Air Conditioners,166540.52
Whirlpool Pre-emptive coherent core Air Conditioners,166248.82
David Yurman Versatile radical toolset Gemstones,165339.54
Dyson Centralized composite implementation Air Conditioners,165241.12
Spalding Function-based fresh-thinking budgetary management Camping,164664.22
KitchenAid Persevering regional open system Blenders,163529.81
OnePlus Realigned directional software Headphones,162572.89
Bvlgari Function-based value-added matrices Rings,162381.51
Samsung Managed asynchronous migration Washing Machines,162179.11
Under Armour Reverse-engineered 3rdgeneration task-force Outdoor Gear,162051.94
Samsung Polarized motivating moderator Vacuum Cleaners,162010.53
Yakima Versatile non-volatile task-force Tires,160139.94
Whirlpool Cross-platform asynchronous monitoring Blenders,159466.42
Cartier Stand-alone eco-centric structure Bracelets,157482.12
Whirlpool Fully-configurable holistic forecast Blenders,156703.22
Bridgestone Re-engineered solution-oriented core Batteries,156534.88
Spalding Decentralized 4thgeneration product Cycling,156279.13
Columbia Enterprise-wide composite conglomeration Swimming,155757.23
Puma Focused systematic orchestration Outdoor Gear,155424.47
LG Sharable high-level complexity Tablets,154911.92
Adidas Persistent incremental application Cycling,153521.12
Spalding Front-line object-oriented info-mediaries Running,153297.97
LG Realigned dedicated structure Smartphones,152586.37
Castrol Visionary regional workforce Cleaning,151343.54
Mikimoto Multi-layered intangible standardization Chains,151131.34
Spalding Automated clear-thinking middleware Running,150737.70
Miele Cross-group web-enabled encoding Air Conditioners,149638.98
Xiaomi Multi-lateral directional challenge Smart Watches,149623.23
Bosch Reactive bandwidth-monitored application Air Conditioners,149480.09
Target Horizontal tangible knowledgebase Storage,146856.96
Thule Intuitive coherent intranet Tires,146509.51
Goodyear Ergonomic zero-defect hardware Maintenance,146163.49
David Yurman Sharable discrete application Rings,146063.80
Tiffany Versatile encompassing groupware Pendants,144034.16
Sony Diverse maximized implementation Headphones,143471.53
Dyson De-engineered uniform orchestration Microwaves,142911.46
Valvoline Synchronized interactive migration Tools,142712.53
Wilson Self-enabling systemic forecast Team Sports,142517.53
Bvlgari Fully-configurable 24hour firmware Pendants,141741.26
Adidas Operative global toolset Yoga,141560.78
Apple Balanced upward-trending knowledgebase Laptops,141432.52
Pandora Progressive modular challenge Bracelets,140728.49
HP Enhanced motivating benchmark Gaming Consoles,140575.57
LG Re-contextualized dynamic paradigm Coffee Makers,140269.59
Nike Future-proofed motivating moratorium Fitness Equipment,139935.16
Adidas Public-key homogeneous functionalities Team Sports,139106.56
LG User-friendly neutral collaboration Toasters,138361.94
Tous Decentralized maximized function Chains,138105.43
Whirlpool Team-oriented dedicated structure Refrigerators,137060.74
Tous Profit-focused maximized flexibility Bracelets,136557.60
Miele Open-architected upward-trending Graphical User Interface Microwaves,136209.94
Under Armour Sharable mobile array Outdoor Gear,135863.03
David Yurman Open-architected interactive migration Watches,135685.14
Microsoft Profit-focused real-time customer loyalty TVs,135271.53
Whirlpool Customer-focused dynamic core Microwaves,134228.50
Swarovski Re-engineered discrete monitoring Earrings,134194.91
VTech Organized dynamic circuit Diapers,133553.74
Columbia Diverse fault-tolerant neural-net Cycling,132404.21
Crate & Barrel Enterprise-wide content-based data-warehouse Bathroom Accessories,131226.83
IKEA Total logistical flexibility Bathroom Accessories,130725.61
Dell Future-proofed scalable solution Headphones,130625.06
Bvlgari Front-line analyzing secured line Pendants,130593.52
Cuisinart Integrated impactful secured line Refrigerators,129802.07
Samsung User-friendly next generation monitoring Smart Watches,129345.33
Panasonic Total upward-trending toolset Air Conditioners,129344.77
Pandora Compatible non-volatile budgetary management Gemstones,129307.72
Wilson Multi-tiered human-resource protocol Running,128794.93
Bosch Reduced local software Tires,128124.00
Samsung Right-sized 6thgeneration process improvement Coffee Makers,127647.35
Graco Networked reciprocal instruction set Diapers,127137.57
Gerber Proactive fault-tolerant methodology Diapers,127041.63
Wayfair Re-contextualized regional approach Decor,126656.18
VTech Proactive radical projection Baby Food,124888.38
Reebok Customer-focused cohesive groupware Camping,124631.78
Wayfair Virtual demand-driven product Decor,124566.44
Williams-Sonoma Fundamental zero tolerance utilization Storage,124455.75
Continental Mandatory systematic policy Car Electronics,124087.22
Apple Optimized optimal initiative Smart Watches,123408.57
Wilson Decentralized maximized solution Fitness Equipment,123197.21
Graco Managed methodical model Toys,122918.68
Home Depot Customer-focused 24/7 orchestration Furniture,122705.17
Sony Distributed responsive complexity Smart Watches,122535.40
Goodyear Horizontal asynchronous project Batteries,122057.10
Thule Sharable intangible frame Car Accessories,121540.61
Mobil Up-sized stable portal Motorcycle Gear,120799.13
The North Face Persistent bottom-line project Cycling,120236.55
Castrol Reverse-engineered impactful moderator Car Accessories,119977.42
Adidas Pre-emptive needs-based alliance Team Sports,119690.74
Reebok Enhanced methodical model Outdoor Gear,119548.10
Mobil Ergonomic directional challenge Cleaning,118869.81
Google Front-line non-volatile artificial intelligence TVs,118518.14
Columbia Future-proofed intangible matrices Yoga,118366.72
Reebok Proactive optimal circuit Swimming,117939.75
PaperMate Vision-oriented executive implementation Paper Products,117922.37
VTech Organic foreground instruction set Strollers,117773.46
Fisher-Price Self-enabling 4thgeneration policy Furniture,117630.20
Calvin Klein Seamless non-volatile framework Bags,117442.22
Columbia Distributed modular structure Yoga,116516.61
Mobil Digitized eco-centric customer loyalty Maintenance,116351.69
H&M Assimilated context-sensitive support Women's Clothing,116276.39
Wilson Secured asymmetric encoding Team Sports,116223.49
Panasonic Re-engineered methodical encryption Microwaves,116078.34
Castrol De-engineered radical strategy Motorcycle Gear,115584.86
Puma Fundamental cohesive support Men's Clothing,115450.29
Target Right-sized regional definition Decor,115389.04
Puma Persevering background functionalities Camping,115162.81
Mead Profit-focused tangible service-desk Technology,115116.22
IKEA Vision-oriented multi-state implementation Decor,114955.75
Home Depot Pre-emptive asynchronous orchestration Decor,114728.62
Swarovski Mandatory explicit open system Bracelets,114344.30
Samsung Mandatory bifurcated frame Gaming Consoles,113203.75
Apple Optimized 5thgeneration algorithm Smartphones,112624.16
Mobil Self-enabling modular Local Area Network Tires,112145.53
Huggies Secured systemic pricing structure Baby Gear,111053.17
Baby Einstein Stand-alone system-worthy firmware Car Seats,110927.53
Valvoline Re-contextualized secondary productivity Tires,110268.35
Evenflo Profit-focused multimedia monitoring Clothing,109606.88
Columbia Self-enabling leadingedge task-force Cycling,109382.58
Bridgestone Re-engineered impactful strategy Car Accessories,109208.63
Puma Right-sized 6thgeneration Internet solution Fitness Equipment,108319.29
Columbia Horizontal stable initiative Camping,108026.60
Pottery Barn Phased neutral moderator Bedding,107959.01
Garmin Total client-driven task-force Medical Devices,107783.62
Graco Fully-configurable even-keeled open architecture Car Seats,107380.37
Williams-Sonoma Front-line uniform installation Kitchen Utensils,107174.15
Williams-Sonoma Customizable asymmetric initiative Furniture,107104.16
Yakima Multi-channeled motivating archive Batteries,106622.58
Puma Fundamental global process improvement Team Sports,106321.57
Dyson Balanced 24hour groupware Toasters,106161.37
Chicco Secured zero-defect implementation Furniture,105916.51
Nike User-centric fresh-thinking portal Fitness Equipment,105809.97
Apple Sharable bifurcated algorithm Smartphones,105397.67
Goodyear Multi-lateral holistic forecast Car Electronics,105368.07
Under Armour Ergonomic radical migration Yoga,105086.76
The North Face Proactive leadingedge artificial intelligence Fitness Equipment,104826.32
Tiffany Enhanced reciprocal productivity Watches,104685.11
Bic Automated context-sensitive functionalities Presentation,104654.52
Spalding Balanced foreground synergy Running,104389.81
Castrol Cross-platform motivating throughput Cleaning,104064.27
The North Face Re-contextualized executive intranet Fitness Equipment,103903.09
Michelin Integrated maximized knowledge user Batteries,103738.99
Bridgestone Managed zero-defect concept Car Accessories,103521.94
Sharpie Front-line neutral Graphic Interface Paper Products,103389.55
Avery Triple-buffered demand-driven infrastructure Paper Products,103330.74
The North Face Phased dynamic knowledgebase Yoga,102712.32
KitchenAid De-engineered static project Blenders,102702.25
Bridgestone Progressive background project Tools,102695.77
